claim_id,score
WC711348,0.06481121776068381
WC711349,0.0
WC711350,0.05425207927307004
WC711351,0.02782965540618047
WC711352,0.027520950537961112
WC711353,0.03695799472912479
WC711354,0.23211660439662332
WC711355,0.03156782916037381
WC711356,0.04187992899243336
WC711357,0.10101776071475164
WC711358,0.013647998814806795
WC711359,0.10023445430823276
WC711360,0.06710190260150985
WC711361,0.11338941878086929
WC711362,0.051366466568183215
WC711363,0.03478688392330473
WC711364,0.06606858835513583
WC711365,0.043396263904833865
WC711366,0.09048754358629015
WC711367,0.012164853986310021
WC711368,0.005393490248325373
WC711369,0.02113738642515495
WC711370,0.057969390030865216
WC711371,0.27711134975228924
WC711372,0.014109240359139163
WC711373,0.03352962893912632
WC711374,0.012335243444605959
WC711375,0.15166504307080778
WC711376,0.03356999184751373
WC711377,0.04138414637518551
WC711378,0.0
WC711379,0.02854770784654569
WC711380,0.034476550206109305
WC711381,0.08669570076768945
WC711382,0.16115846885588736
WC711383,0.02077858297447842
WC711384,0.043020522198243843
WC711385,0.005981853266001562
WC711386,0.04728668565727616
WC711387,0.005867665418227216
WC711388,0.021832384288208113
WC711389,0.1797664825669542
WC711390,0.021577751209747344
WC711391,0.021454720095882753
WC711392,0.08230892472628745
WC711393,0.20038014798840856
WC711394,0.02254975317339154
WC711395,0.04393489007669853
WC711396,0.007720030474676204
WC711397,0.08415905979982642
WC711398,0.033824505341723536
WC711399,0.013933612354664992
WC711400,0.0
WC711401,0.1491736367781174
WC711402,0.006898982360118944
WC711403,0.041836075394708544
WC711404,0.014113221409611439
WC711405,0.019827558002489174
WC711406,0.11509790906724572
WC711407,0.09965881014460946
WC711408,0.06550216584632433
WC711409,0.061158214808511045
WC711410,0.11168322185137923
WC711411,0.042778724492712666
WC711412,0.0
WC711413,0.03130287111761193
WC711414,0.005600353261912993
WC711415,0.12196210685663862
WC711416,0.03425211383352827
WC711417,0.07364143923494258
WC711418,0.8675709964520241
WC711419,0.007331601014285357
WC711420,0.014198680240596761
WC711421,0.01611614941284436
WC711422,0.012871137624649972
WC711423,0.026449123504320212
WC711424,0.025248010097530936
WC711425,0.013004311814703146
WC711426,0.027451578709992774
WC711427,0.10458166504765772
WC711428,0.0
WC711429,0.11893693278347826
WC711430,0.01536454860198975
WC711431,0.0
WC711432,0.01870658298921806
WC711433,0.03479544484925774
WC711434,0.013786596164666291
WC711435,0.03888373470225579
WC711436,0.06265847549081542
WC711437,0.05768461849253898
WC711438,0.013818115868677667
WC711439,0.046223101512729056
WC711440,0.028467215567957845
WC711441,0.030128534124093213
WC711442,0.035387548912744995
WC711443,0.06948046098213795
WC711444,0.15486012801385254
WC711445,0.18630273318945864
WC711446,0.045674791460743915
WC711447,0.02660128951100625
WC711448,0.04993345918224022
WC711449,0.05878128204760748
WC711450,0.013593635812801331
WC711451,0.05755010876141621
WC711452,0.03368566289131127
WC711453,0.18529602356152955
WC711454,0.07320928643993159
WC711455,0.33599595909258734
WC711456,0.058119201551939954
WC711457,0.05776726510327241
WC711458,0.00608104583346375
WC711459,0.088311887623701
WC711460,0.027709214173135488
WC711461,0.007516529031926118
WC711462,0.10960798184741836
WC711463,0.02715972938493857
WC711464,0.23680086127260214
WC711465,0.01984647041654517
WC711466,0.0580554859538582
WC711467,0.9038107534696983
WC711468,0.2672977255858818
WC711469,0.026913486531553513
WC711470,0.012276227058134078
WC711471,0.08225563612577817
WC711472,0.022011018645975235
WC711473,0.036528158924278104
WC711474,0.06245353922368836
WC711475,0.025499182763686914
WC711476,0.026106724705143573
WC711477,0.0
WC711478,0.056584035100363125
WC711479,0.10706027985275306
WC711480,0.02787378598929435
WC711481,0.026465668067662627
WC711482,0.10722450744137
WC711483,0.06379038962698955
WC711484,0.005981853266001562
WC711485,0.1067560200171936
WC711486,0.05518694932148178
WC711487,0.069625743993603
WC711488,0.08634324047749435
WC711489,0.02653345770287335
WC711490,0.004870102713372811
WC711491,0.12634264588894178
WC711492,0.02251723771777404
WC711493,0.10925035674119526
WC711494,0.005867665418227216
WC711495,0.02684838021763824
WC711496,0.9580612603699936
WC711497,0.8500939696211447
WC711498,0.07061690592229723
WC711499,0.007382486732373009
WC711500,0.020667523152982606
WC711501,0.05077443874017107
WC711502,0.0
WC711503,0.14404163815914092
WC711504,0.06692385078867923
WC711505,0.00694761768765767
WC711506,0.006626643016327831
WC711507,0.019310480144252986
WC711508,0.005867665418227216
WC711509,0.31672973768920715
WC711510,0.19374533721886947
WC711511,0.2766640504709602
WC711512,0.005990835490897134
WC711513,0.05086856497445787
WC711514,0.1204540702325568
WC711515,0.04274312145454753
WC711516,0.05312179645786479
WC711517,0.019917813245141563
WC711518,0.08011945806877088
WC711519,0.08294714807745698
WC711520,0.046240237629640475
WC711521,0.0
WC711522,0.029765824198463752
WC711523,0.03333390183849919
WC711524,0.03175658848096017
WC711525,0.02917020230566102
WC711526,0.0
WC711527,0.11167145386232483
WC711528,0.02157348763798578
WC711529,0.029170083245640712
WC711530,0.01371582037476404
WC711531,0.02409530765713438
WC711532,0.052279404781639255
WC711533,0.018587347095616095
WC711534,0.06530081615620821
WC711535,0.040977730632945235
WC711536,0.007298229822982299
WC711537,0.10599944073004122
WC711538,0.02662413082780567
WC711539,0.0
WC711540,0.06261670378118475
WC711541,0.023013117245915638
WC711542,0.057037989365018776
WC711543,0.05769359661345297
WC711544,0.061804606089027714
WC711545,0.08224534291128159
WC711546,0.028926125888625916
WC711547,0.051937643582254604
WC711548,0.06797476067110714
WC711549,0.01942432568721864
WC711550,0.16283937292058767
WC711551,0.13609631706909356
WC711552,0.1595039288976795
WC711553,0.012755113146627525
WC711554,0.024775877893417012
WC711555,0.11704801503701813
WC711556,0.025259820554152768
WC711557,0.011010315188391219
WC711558,0.0
WC711559,0.042613890088493596
WC711560,0.057217709832274706
WC711561,0.03140127931926561
WC711562,0.019261265360788662
WC711563,0.0869559291188691
WC711564,0.049306477786065415
WC711565,0.011913497790577243
WC711566,0.8256312663906483
WC711567,0.15101337956874314
WC711568,0.05320812400392547
WC711569,0.027817844630847095
WC711570,0.8375724772253935
WC711571,0.9797748962595474
WC711572,0.10816416349367526
WC711573,0.0
WC711574,0.04435181571472864
WC711575,0.0
WC711576,0.025719750856650445
WC711577,0.04488352360740832
WC711578,0.06345943258675123
WC711579,0.013659317822703932
WC711580,0.03520899298164384
WC711581,0.018802367902394958
WC711582,0.08478100079373302
WC711583,0.9228900270110927
WC711584,0.0691248898120001
WC711585,0.0
WC711586,0.07892083916085807
WC711587,0.025537006968082577
WC711588,0.025758030713417854
WC711589,0.052326342654862676
WC711590,0.05655848887651251
WC711591,0.015628737485162067
WC711592,0.12404605256335584
WC711593,0.007260652190135065
WC711594,0.013475080050962837
WC711595,0.005500188750471878
WC711596,0.05031792027109201
WC711597,0.013703927441979163
WC711598,0.060949629290335275
WC711599,0.017860671924201536
WC711600,0.05551581026991583
WC711601,0.12999038944882693
WC711602,0.039543424554357005
WC711603,0.02961716973466403
WC711604,0.025088034354410805
WC711605,0.007004134217863668
WC711606,0.31123879231785107
WC711607,0.006238510538241203
WC711608,0.38864704322402904
WC711609,0.006238510538241203
WC711610,0.036454010549471144
WC711611,0.047203144423666354
WC711612,0.007992448080553806
WC711613,0.011603264672318377
WC711614,0.03384352804299663
WC711615,0.04363036073331905
WC711616,0.20700461413772556
WC711617,0.040322793822904296
WC711618,0.027583845989772936
WC711619,0.01899120688503593
WC711620,0.031164233214270403
WC711621,0.040080821420636625
WC711622,0.030248978531820528
WC711623,0.014874990812794734
WC711624,0.18363630133369077
WC711625,0.09902476212028773
WC711626,0.056901969123830644
WC711627,0.19522490129667064
WC711628,0.019871572355518095
WC711629,0.019167128012312826
WC711630,0.02163342420148482
WC711631,0.013348895369324255
WC711632,0.09344872580364251
WC711633,0.060531005314584246
WC711634,0.015086260308439849
WC711635,0.033877408427800355
WC711636,0.0987804772129604
WC711637,0.065030401141435
WC711638,0.08005031022026585
WC711639,0.04979765123211864
WC711640,0.017874832009558094
WC711641,0.013464284219452331
WC711642,0.013020152815045417
WC711643,0.012998846953435448
WC711644,0.07008330229025495
WC711645,0.006968130303139098
WC711646,0.007825573911177861
WC711647,0.033778770639019975
WC711648,0.07237561338536119
WC711649,0.053300264459564
WC711650,0.04157558013755616
WC711651,0.03387875911391495
WC711652,0.059509752024510545
WC711653,0.05798392033898306
WC711654,0.13328887914796475
WC711655,0.08583204282627525
WC711656,0.03484354416868406
WC711657,0.15091511472303473
WC711658,0.7894444467727414
WC711659,0.30614302027336937
WC711660,0.034352448517168996
WC711661,0.061777744224224086
WC711662,0.08131796698441907
WC711663,0.04586468960423442
WC711664,0.06752739541488671
WC711665,0.05495908398030856
WC711666,0.007532237641160813
WC711667,0.05236668649444917
WC711668,0.04952562852362929
WC711669,0.023684808287576062
WC711670,0.7826377634224181
WC711671,0.020161573640511507
WC711672,0.0
WC711673,0.029241047136073155
WC711674,0.007992448080553806
WC711675,0.02376074553806079
WC711676,0.013835151095044221
WC711677,0.10355166773161294
WC711678,0.03506292090279916
WC711679,0.0
WC711680,0.022253087913246237
WC711681,0.05858497365035656
WC711682,0.1752833108506589
WC711683,0.09955356037381433
WC711684,0.027142674379896165
WC711685,0.07141064966482187
WC711686,0.776282409349155
WC711687,0.05091326961813669
WC711688,0.018998129190198085
WC711689,0.028753706216343912
WC711690,0.05467821683339733
WC711691,0.15586523385046763
WC711692,0.16967110153367235
WC711693,0.188291465963107
WC711694,0.04878505868371686
WC711695,0.04602754999716103
WC711696,0.01947759636738782
WC711697,0.21788830967634112
WC711698,0.012618789556425187
WC711699,0.03624412232163419
WC711700,0.06175517536216493
WC711701,0.11704295117906005
WC711702,0.09388865226835336
WC711703,0.8984905791854857
WC711704,0.10708593547705947
WC711705,0.08947929114063631
WC711706,0.134482884239735
WC711707,0.02549627368088751
WC711708,0.0072038288843933465
WC711709,0.006307240366338341
WC711710,0.0507521528709104
WC711711,0.04362667121706308
WC711712,0.026247258372142486
WC711713,0.2899053232808868
WC711714,0.020382947698162467
WC711715,0.007225773681211126
WC711716,0.015719651635412606
WC711717,0.012258870173423832
WC711718,0.006105247727939018
WC711719,0.04931755726882471
WC711720,0.013718368457791884
WC711721,0.024649996785922258
WC711722,0.06889434725876678
WC711723,0.03362100322295082
WC711724,0.15669648427938526
WC711725,0.11431264186655814
WC711726,0.1603394475799796
WC711727,0.03611716375526603
WC711728,0.0655416524764716
WC711729,0.019093382472213163
WC711730,0.0042662478399671955
WC711731,0.006032292054047353
WC711732,0.023676046786231645
WC711733,0.04875411700322475
WC711734,0.05076178382112606
WC711735,0.08341934268282003
WC711736,0.013659317822703932
WC711737,0.013931202251346786
WC711738,0.043130261547194376
WC711739,0.0533184848205966
WC711740,0.18396415560355228
WC711741,0.020676904050979144
WC711742,0.007842662795074472
WC711743,0.06196909776944328
WC711744,0.02857285659948812
WC711745,0.06997719252634542
WC711746,0.013768932881620961
WC711747,0.08367617781827869
WC711748,0.04341152797419642
WC711749,0.012320222629686529
WC711750,0.019486973379598815
WC711751,0.07518050482799225
WC711752,0.8327698304788648
WC711753,0.035246509082542496
WC711754,0.057663141234625084
WC711755,0.14259002450177213
WC711756,0.05501151718772224
WC711757,0.05488023756961673
WC711758,0.012733417191489608
WC711759,0.03662226561022714
WC711760,0.050699324508411046
WC711761,0.0657182404463975
WC711762,0.07249953995764129
WC711763,0.03878009087699433
WC711764,0.04086241824164286
WC711765,0.08525754515941762
WC711766,0.048859257105427295
WC711767,0.7336843475327871
WC711768,0.15309456989887488
WC711769,0.005981853266001562
WC711770,0.07702501218712389
WC711771,0.031367096776533196
WC711772,0.03531051698376377
WC711773,0.04113521405219834
WC711774,0.26277283704448995
WC711775,0.3109589237594559
WC711776,0.03348341693209842
WC711777,0.006807017543859651
WC711778,0.06966997861207005
WC711779,0.08601890066932623
WC711780,0.006401515151515153
WC711781,0.05029470838980387
WC711782,0.1103339389063824
WC711783,0.013511247525243164
WC711784,0.0
WC711785,0.007586153126461871
WC711786,0.019814254499760892
WC711787,0.012584753413806712
WC711788,0.01869459583564915
WC711789,0.05395585279638279
WC711790,0.020677050861419275
WC711791,0.09332649783276041
WC711792,0.08468376576015202
WC711793,0.038197853726406945
WC711794,0.06672648950000755
WC711795,0.2915514945997446
WC711796,0.14767935847586763
WC711797,0.0685070469733773
WC711798,0.007532237641160813
WC711799,0.005585738377218197
WC711800,0.04229404127794819
WC711801,0.011445571711529155
WC711802,0.1477763256634151
WC711803,0.09946205286353679
WC711804,0.0379631010542952
WC711805,0.1636856839843775
WC711806,0.08763559539634071
WC711807,0.053155527420435875
WC711808,0.007813398855315375
WC711809,0.08526498006968874
WC711810,0.9403161663715769
WC711811,0.07663236672524615
WC711812,0.02620659279798645
WC711813,0.07897959991164978
WC711814,0.01116523020008614
WC711815,0.020087430731705498
WC711816,0.059383084404136983
WC711817,0.05467762209711646
WC711818,0.9421696128843514
WC711819,0.03707976156492151
WC711820,0.1356730588089053
WC711821,0.040636901930937074
WC711822,0.02092723751999102
WC711823,0.08106749905811167
WC711824,0.01915617495464953
WC711825,0.014376779121323836
WC711826,0.02666086162681122
WC711827,0.08524542999196597
WC711828,0.013516850117394742
WC711829,0.02741319537396869
WC711830,0.01194987665627002
WC711831,0.042911521475343245
WC711832,0.11982196446667538
WC711833,0.07444864380734094
WC711834,0.137078676528052
WC711835,0.04268756993124311
WC711836,0.00726767374613621
WC711837,0.05347398686582436
WC711838,0.0058344348313706645
WC711839,0.0
WC711840,0.0948567515596934
WC711841,0.07643666514236319
WC711842,0.03895121073025961
WC711843,0.012095948889507897
WC711844,0.049779183406872325
WC711845,0.039227753313810794
WC711846,0.03140833374451678
WC711847,0.04583584995517188
WC711848,0.11466726085660345
WC711849,0.026829511298680227
WC711850,0.05574898411527852
WC711851,0.1865829859999291
WC711852,0.03602312654035496
WC711853,0.032304026849975576
WC711854,0.03567219853517347
WC711855,0.05713159330513388
WC711856,0.06361635314960874
WC711857,0.03243981510107429
WC711858,0.05151202777822162
WC711859,0.0
WC711860,0.03226278310235216
WC711861,0.9840374512003487
WC711862,0.12402098788186257
WC711863,0.024385225775153695
WC711864,0.008115342037820541
WC711865,0.3411446911202888
WC711866,0.09058237216514485
WC711867,0.09396556419169427
WC711868,0.02666231746081884
WC711869,0.35035588705238385
WC711870,0.008034871649679122
WC711871,0.026112593015911435
WC711872,0.05525324365612736
WC711873,0.005867665418227216
WC711874,0.09132498549908454
WC711875,0.015369515426187969
WC711876,0.014268348323703826
WC711877,0.11492978686354419
WC711878,0.03445261270230052
WC711879,0.09632799796898908
WC711880,0.029031785959306187
WC711881,0.061122535022415055
WC711882,0.03368539532148299
WC711883,0.0
WC711884,0.06967563087041283
WC711885,0.0
WC711886,0.007736389684813757
WC711887,0.9949424661316605
WC711888,0.24847209254210112
WC711889,0.040310502794845535
WC711890,0.027859750826142803
WC711891,0.08687672589069284
WC711892,0.007078549298341536
WC711893,0.04640353616977981
WC711894,0.0
WC711895,0.019106081952184436
WC711896,0.011228182585244818
WC711897,0.07435291535796713
WC711898,0.0656608410593031
WC711899,0.02397070195950434
WC711900,0.033089590635527605
WC711901,0.03413408848650376
WC711902,0.10011936229954718
WC711903,0.09159134469353905
WC711904,0.027045447692302417
WC711905,0.060752231841165946
WC711906,0.025878369948869048
WC711907,0.9069768386127957
WC711908,0.9181938644996055
WC711909,0.04080762635010351
WC711910,0.09990774380623303
WC711911,0.041280511101921415
WC711912,0.04963402083367
WC711913,0.03304993247462737
WC711914,0.06349325298852503
WC711915,0.014260286835460921
WC711916,0.07513735118669781
WC711917,0.049318463217110864
WC711918,0.23769622711933672
WC711919,0.02758743395422327
WC711920,0.08646548217177995
WC711921,0.01279333652240004
WC711922,0.28650029092047713
WC711923,0.018587347095616095
WC711924,0.08378181801489702
WC711925,0.052830351080102964
WC711926,0.02686486779341011
WC711927,0.02432771339725144
WC711928,0.01750615694024944
WC711929,0.11174600622861196
WC711930,0.09661180833726848
WC711931,0.11914669319493516
WC711932,0.046979883630213576
WC711933,0.10505439954883054
WC711934,0.108366672384293
WC711935,0.8358437396526293
WC711936,0.02004795901226614
WC711937,0.039522089606808586
WC711938,0.0
WC711939,0.035871896277963035
WC711940,0.046939298198114626
WC711941,0.06656010213201982
WC711942,0.13281039845682124
WC711943,0.029708276734338367
WC711944,0.0177562981176639
WC711945,0.08888354941546454
WC711946,0.9523029018331929
WC711947,0.04197203030432255
WC711948,0.07559082281777801
WC711949,0.015056433208103456
WC711950,0.15211249724023415
WC711951,0.03026000458309652
WC711952,0.12874763317178678
WC711953,0.02764058389591547
WC711954,0.05532665232868863
WC711955,0.06600393519737706
WC711956,0.05268027477188653
WC711957,0.013614987824080375
WC711958,0.11133087908111203
WC711959,0.006307240366338341
WC711960,0.14920269422281332
WC711961,0.019438220326437827
WC711962,0.027076202711868672
WC711963,0.5522114346754623
WC711964,0.6436673733345438
WC711965,0.08700073261127976
WC711966,0.012820889367683268
WC711967,0.04411366631806511
WC711968,0.007450119916313719
WC711969,0.06656235790200932
WC711970,0.04586737927663285
WC711971,0.21310619672827222
WC711972,0.04064576026180032
WC711973,0.006490325740876803
WC711974,0.013315929387624086
WC711975,0.0468102426505483
WC711976,0.1852593340585653
WC711977,0.03540238328844913
WC711978,0.03620345040716414
WC711979,0.02820863851869771
WC711980,0.00574529268100528
WC711981,0.026119584736776908
WC711982,0.013396835288201282
WC711983,0.050139791678568885
WC711984,0.9921609407987884
WC711985,0.04775635775439645
WC711986,0.042720427335982115
WC711987,0.19195733061927173
WC711988,0.0796784915407903
WC711989,0.01544045257746218
WC711990,0.03835749136010829
WC711991,0.06457524353839655
WC711992,0.042945334369424555
WC711993,0.08567076240075117
WC711994,0.051023180006873184
WC711995,0.0
WC711996,0.21274062336077532
WC711997,0.020561938355268868
WC711998,0.02622924931235841
WC711999,0.006807017543859651
WC712000,0.25201902141387683
WC712001,0.025766461315366997
WC712002,0.04215784047952426
WC712003,0.05911196848207083
WC712004,0.024149034641655916
WC712005,0.027911144013125475
WC712006,0.038753057189907895
WC712007,0.03292515448482707
WC712008,0.028278336034179306
WC712009,0.16643958499741973
WC712010,0.3171246077782157
WC712011,0.04812455807132852
WC712012,0.7982677699216072
WC712013,0.12159285251827472
WC712014,0.04999127685757418
WC712015,0.05007990078753922
WC712016,0.0465259831367931
WC712017,0.035939256350025116
WC712018,0.02900717719246404
WC712019,0.005995070856438691
WC712020,0.006603067714178825
WC712021,0.0747012745593867
WC712022,0.08668088278920935
WC712023,0.05567540978825623
WC712024,0.020922306337124788
WC712025,0.2710308135718828
WC712026,0.04142976048026711
WC712027,0.8199693795651369
WC712028,0.08363176134698601
WC712029,0.0
WC712030,0.11415420301713504
WC712031,0.06554904884944084
WC712032,0.11570645326174533
WC712033,0.007615792934986847
WC712034,0.0
WC712035,0.019650153313601062
WC712036,0.04081785504043183
WC712037,0.008068995604638762
WC712038,0.018144265688028256
WC712039,0.12637320525261347
WC712040,0.025166025922636528
WC712041,0.03900087529528949
WC712042,0.015383835885244234
WC712043,0.06996187165910986
WC712044,0.04915300160664912
WC712045,0.0063016952812871155
WC712046,0.05687831265486743
WC712047,0.03968904409573292
WC712048,0.08028070745936589
WC712049,0.03864972386424341
WC712050,0.09164774368058506
WC712051,0.04260844946706185
WC712052,0.018744139634440726
WC712053,0.03745810258850219
WC712054,0.04683471466220141
WC712055,0.02556502657187009
WC712056,0.054439584770883974
WC712057,0.1851517367938634
WC712058,0.039935230020196076
WC712059,0.019351040038092536
WC712060,0.03624414094904415
WC712061,0.08351061380285814
WC712062,0.08313100647582625
WC712063,0.059266933374961105
WC712064,0.06914271322602339
WC712065,0.02958009347082985
WC712066,0.09450681814329967
WC712067,0.21610640201076095
WC712068,0.041344383019617764
WC712069,0.06492534270000984
WC712070,0.03509242166206184
WC712071,0.05599827404226476
WC712072,0.014181470918508143
WC712073,0.2734610862730438
WC712074,0.023839835121128878
WC712075,0.07592409357672322
WC712076,0.15821512792466236
WC712077,0.22410455468696933
WC712078,0.025654177351377486
WC712079,0.06464481274244732
WC712080,0.41500271399692257
WC712081,0.03018377306128767
WC712082,0.08544492640444522
WC712083,0.020134405569765854
WC712084,0.12641552918882198
WC712085,0.01970955120784645
WC712086,0.1638921998163608
WC712087,0.005454681312112379
WC712088,0.08752015273056225
WC712089,0.08896377799965681
WC712090,0.03572396347886242
WC712091,0.1346953642237619
WC712092,0.9226873381169302
WC712093,0.0357508606568032
WC712094,0.02879824685708433
WC712095,0.021251808222506597
WC712096,0.025092951992412
WC712097,0.13715360456606318
WC712098,0.04740619789377054
WC712099,0.04848145611321793
WC712100,0.05696612725346821
WC712101,0.012926095442921216
WC712102,0.007232949622478029
WC712103,0.03429303856657379
WC712104,0.016261187879531118
WC712105,0.0042662478399671955
WC712106,0.0246021829944516
WC712107,0.06805482543703449
WC712108,0.011249726400163649
WC712109,0.025584190700151065
WC712110,0.6877344611167545
WC712111,0.05266350852587661
WC712112,0.034882832758771215
WC712113,0.011586036381116549
WC712114,0.01452717526600531
WC712115,0.014799911387297023
WC712116,0.05809903864367323
WC712117,0.043495094283388956
WC712118,0.06728855755807546
WC712119,0.6437606197961947
WC712120,0.027664948199876076
WC712121,0.029050573327817613
WC712122,0.032582363833514094
WC712123,0.020240852721003334
WC712124,0.03545963257810535
WC712125,0.021256958736276955
WC712126,0.029263055120991747
WC712127,0.021066645464126905
WC712128,0.9196509870296986
WC712129,0.03186525327944879
WC712130,0.08141342983485161
WC712131,0.023772844736827652
WC712132,0.010503211012068105
WC712133,0.03377236164339571
WC712134,0.0
WC712135,0.04945322638599705
WC712136,0.01341160693323732
WC712137,0.033812268226496425
WC712138,0.194460272733822
WC712139,0.07837605274629762
WC712140,0.03253181940205861
WC712141,0.06687842573319906
WC712142,0.04662531364403506
WC712143,0.05785635018868009
WC712144,0.013111382098998644
WC712145,0.0280552829140236
WC712146,0.043730777064277124
WC712147,0.018284347877732966
WC712148,0.01781922981450801
WC712149,0.07026696506473806
WC712150,0.011289593380383134
WC712151,0.0
WC712152,0.07839116501184627
WC712153,0.02258943708293578
WC712154,0.013876551038505266
WC712155,0.14931734167475358
WC712156,0.12039105792918667
WC712157,0.13610350241545735
WC712158,0.006120331950207469
WC712159,0.3489255521519025
WC712160,0.0072038288843933465
WC712161,0.06903593260733477
WC712162,0.07701665053715763
WC712163,0.19729000500082577
WC712164,0.029308943734577243
WC712165,0.12190936171194158
WC712166,0.08361671489149057
WC712167,0.03403481463097897
WC712168,0.04985905111219255
WC712169,0.01983366244496906
WC712170,0.05108151712525123
WC712171,0.0
WC712172,0.31594961863010823
WC712173,0.1085864620903483
WC712174,0.0632257762863865
WC712175,0.627984907226349
WC712176,0.04951798312066426
WC712177,0.07987119599528654
WC712178,0.006966992796473501
WC712179,0.42777518490885214
WC712180,0.9953767738838973
WC712181,0.07723416900083999
WC712182,0.0613769990423497
WC712183,0.11652187744034448
WC712184,0.06574850884507791
WC712185,0.12914140546909791
WC712186,0.9162874546918236
WC712187,0.14596124698842958
WC712188,0.04740286799285695
WC712189,0.040074523497420245
WC712190,0.006475937014859168
WC712191,0.09084135790376396
WC712192,0.024166994214132178
WC712193,0.043984686399010445
WC712194,0.0
WC712195,0.02691221760816236
WC712196,0.05082007139693305
WC712197,0.005867665418227216
WC712198,0.012119048772754052
WC712199,0.0307443194922762
WC712200,0.005646566747995818
WC712201,0.014570684077215072
WC712202,0.08682254329002596
WC712203,0.08607753458513066
WC712204,0.05305459530933178
WC712205,0.06463492583948535
WC712206,0.04194079261190768
WC712207,0.006807017543859651
WC712208,0.012830950102169386
WC712209,0.007816014394961764
WC712210,0.02828323865942136
WC712211,0.01856973590261407
WC712212,0.056180957039700496
WC712213,0.11467378242578466
WC712214,0.032027398086540204
WC712215,0.0072038288843933465
WC712216,0.02164895838642338
WC712217,0.020976245655468344
WC712218,0.1845088643419867
WC712219,0.014592857821351743
WC712220,0.05561138906694683
WC712221,0.24959260575124273
WC712222,0.1045827246414842
WC712223,0.06553986435148298
WC712224,0.03574892717190526
WC712225,0.10531315629475498
WC712226,0.8575615040522542
WC712227,0.12346327039503532
WC712228,0.8730130937739811
WC712229,0.11089484197784846
WC712230,0.03439514739991335
WC712231,0.007225773681211126
WC712232,0.12789159189672236
WC712233,0.032562114145493086
WC712234,0.15853594934487297
WC712235,0.2950354493013299
WC712236,0.005867665418227216
WC712237,0.04102067353165695
WC712238,0.026173996329650725
WC712239,0.04810099898885014
WC712240,0.021378920453133783
WC712241,0.013745847788617937
WC712242,0.043536266222335085
WC712243,0.026704880985145087
WC712244,0.08202864322194071
WC712245,0.023761175922130888
WC712246,0.0847177537876514
WC712247,0.030301463855581096
WC712248,0.058782594170358145
WC712249,0.0
WC712250,0.24615821106509067
WC712251,0.10495920615178192
WC712252,0.9437631003691089
WC712253,0.005549841922827869
WC712254,0.5366305839829629
WC712255,0.29351767407206447
WC712256,0.013076494293032936
WC712257,0.0
WC712258,0.09083898984581322
WC712259,0.05785767321498406
WC712260,0.10531698151042598
WC712261,0.9922924403873221
WC712262,0.006249866169889295
WC712263,0.00568133068133068
WC712264,0.04479305899492549
WC712265,0.21850529911322683
WC712266,0.08576620770598047
WC712267,0.020193814082889068
WC712268,0.11286920445429066
WC712269,0.020355997155512135
WC712270,0.007358059878427119
WC712271,0.165547578823523
WC712272,0.007539973147809116
WC712273,0.07823786971546062
WC712274,0.09206024453376198
WC712275,0.07657881654879692
WC712276,0.04674084836100046
WC712277,0.10004283471496757
WC712278,0.0345242263237043
WC712279,0.0
WC712280,0.057824839552338
WC712281,0.034663964827417626
WC712282,0.014871430761943898
WC712283,0.028690143921553318
WC712284,0.05971031667555439
WC712285,0.06117320008925328
WC712286,0.03977395082622851
WC712287,0.020834633589004902
WC712288,0.22657183324957106
WC712289,0.09893521791007281
WC712290,0.13931910512705808
WC712291,0.08473663659064128
WC712292,0.0
WC712293,0.015970801911859192
WC712294,0.15089261141184449
WC712295,0.0823417708944614
WC712296,0.01721068556223483
WC712297,0.020290723871160588
WC712298,0.023152515767108525
WC712299,0.025594311079091756
WC712300,0.048793361994883974
WC712301,0.042291436763402114
WC712302,0.0
WC712303,0.15404801495855863
WC712304,0.054662631270786764
WC712305,0.014726592297811343
WC712306,0.010690138888424575
WC712307,0.017876626812131622
WC712308,0.09855112070676168
WC712309,0.01766816527299826
WC712310,0.06696782710211605
WC712311,0.0
WC712312,0.06686415211190609
WC712313,0.10072738487155661
WC712314,0.03608544969366769
WC712315,0.03965092693382683
WC712316,0.07230630036466268
WC712317,0.007615792934986847
WC712318,0.08170853517798032
WC712319,0.027446557906060452
WC712320,0.10629906250139641
WC712321,0.0346896248614708
WC712322,0.025061283203648317
WC712323,0.014871062262672818
WC712324,0.022280630963346267
WC712325,0.06674693092191405
WC712326,0.04145224218040859
WC712327,0.03336506938344499
WC712328,0.07741909066498423
WC712329,0.9898160485935298
WC712330,0.01922878705095534
WC712331,0.048037969984144405
WC712332,0.08517343908960999
WC712333,0.017938409905456986
WC712334,0.011779527987488554
WC712335,0.043389354507144276
WC712336,0.01575140267146164
WC712337,0.05767958683742949
WC712338,0.09550897110919351
WC712339,0.036607327161290316
WC712340,0.023256386307859107
WC712341,0.03760844953554098
WC712342,0.005921933990987697
WC712343,0.014934767914410726
WC712344,0.008033845560696185
WC712345,0.0716133309349174
WC712346,0.04809088719900702
WC712347,0.9498293983710083
WC712348,0.013980727564047392
WC712349,0.01937772976094457
WC712350,0.007992448080553806
WC712351,0.0
WC712352,0.048945959061808535
WC712353,0.03022783524102521
WC712354,0.007813398855315375
WC712355,0.013336368983406784
WC712356,0.15530981935901153
WC712357,0.021066645464126905
WC712358,0.7735021811080608
WC712359,0.03094508631949184
WC712360,0.04160758572705286
WC712361,0.10560605196462713
WC712362,0.06269503617406759
WC712363,0.0
WC712364,0.023623811574562507
WC712365,0.18857882654751051
WC712366,0.054842572546779614
WC712367,0.19364218100569258
WC712368,0.0701785086089203
WC712369,0.016186184321314093
WC712370,0.11577197394936563
WC712371,0.049681284528387
WC712372,0.06734557072055283
WC712373,0.1050767920617282
WC712374,0.01824377949842768
WC712375,0.10716982001677108
WC712376,0.02941854147978488
WC712377,0.018643026961291033
WC712378,0.03852095055900559
WC712379,0.035683963793264425
WC712380,0.8638753795086739
WC712381,0.06512937064567484
WC712382,0.12593812453502726
WC712383,0.11131834365556323
WC712384,0.1396566073910005
WC712385,0.12199791070415068
WC712386,0.005468077542008158
WC712387,0.03179260939832013
WC712388,0.008035708130837904
WC712389,0.02743460965266927
WC712390,0.04593383948394927
WC712391,0.09744662752711182
WC712392,0.014621576204594262
WC712393,0.10032650966904352
WC712394,0.2845991689720846
WC712395,0.048190358366928296
WC712396,0.0
WC712397,0.10277593978552055
WC712398,0.03134750005183067
WC712399,0.06499618425603632
WC712400,0.9274253692628671
WC712401,0.08089821699592904
WC712402,0.18353575186791588
WC712403,0.0311994035641705
WC712404,0.0
WC712405,0.04449068898490371
WC712406,0.07461379819236194
WC712407,0.08594826203929026
WC712408,0.00726600985221675
WC712409,0.06135155046293853
WC712410,0.03438717734006344
WC712411,0.024341681524977007
WC712412,0.1456948623401772
WC712413,0.08732956875856196
WC712414,0.3146599362834646
WC712415,0.03297384921720921
WC712416,0.1817972167376926
WC712417,0.06790049985635924
WC712418,0.006307240366338341
WC712419,0.0949069605644341
WC712420,0.08899925172599214
WC712421,0.026829471360636434
WC712422,0.08615131077552876
WC712423,0.013352690593380973
WC712424,0.005774410774410773
WC712425,0.2245098570036449
WC712426,0.011711508902591601
WC712427,0.04428272244301969
WC712428,0.007405999797304147
WC712429,0.22470449285683614
WC712430,0.11420299647357005
WC712431,0.06974900792562243
WC712432,0.15946927885219725
WC712433,0.16778497052830482
WC712434,0.05728801344661591
WC712435,0.17436622369426374
WC712436,0.03471096736027273
WC712437,0.08689874163715942
WC712438,0.04721801464142898
WC712439,0.05242835375035946
WC712440,0.02542565635803391
WC712441,0.038803389292317775
WC712442,0.0868180948597279
WC712443,0.01967546177005018
WC712444,0.019009916068385514
WC712445,0.0058676654182272135
WC712446,0.0
WC712447,0.04103068743196249
WC712448,0.18213819575467297
WC712449,0.1504158060321172
WC712450,0.08622763901467453
WC712451,0.015107672635765516
WC712452,0.086324074753754
WC712453,0.03920263675518113
WC712454,0.13489139682396478
WC712455,0.032529627680922095
WC712456,0.12436616343470167
WC712457,0.019954894911498156
WC712458,0.01116523020008614
WC712459,0.12126572926477067
WC712460,0.05330359520701707
WC712461,0.044974503078155564
WC712462,0.04691563053615486
WC712463,0.029694328728971618
WC712464,0.06635775349241266
WC712465,0.09640348339290479
WC712466,0.2803549824159129
WC712467,0.05310063716188318
WC712468,0.013093439099438341
WC712469,0.049818095015200334
WC712470,0.020478282446450717
WC712471,0.014421347331753237
WC712472,0.09893371975558579
WC712473,0.03486207340387913
WC712474,0.1306125936482429
WC712475,0.05787756408464552
WC712476,0.005421927962155919
WC712477,0.6911134471934284
WC712478,0.15547652844794793
WC712479,0.006548601983846144
WC712480,0.14014405750942724
WC712481,0.0
WC712482,0.09185790389498055
WC712483,0.02384533713215726
WC712484,0.1442820647996158
WC712485,0.03394800285544977
WC712486,0.05496942476387357
WC712487,0.10136610861840258
WC712488,0.1000295923335843
WC712489,0.10850973906287274
WC712490,0.015063009483072423
WC712491,0.29400211454047864
WC712492,0.04868935081994372
WC712493,0.9478455314991817
WC712494,0.08191275361888
WC712495,0.014672600657245172
WC712496,0.05232275159153942
WC712497,0.023689000922005446
WC712498,0.035422277596720314
WC712499,0.0
WC712500,0.021166318156776068
WC712501,0.02148690766386963
WC712502,0.027410678743943657
WC712503,0.09852460134301004
WC712504,0.04713189814941237
WC712505,0.011495831513828877
WC712506,0.07566607376476465
WC712507,0.18575563869634545
WC712508,0.021592461838177965
WC712509,0.025208536414107294
WC712510,0.17402604658132317
WC712511,0.0730367547889915
WC712512,0.017492776900982384
WC712513,0.023822021676625154
WC712514,0.018587347095616095
WC712515,0.029587622395301192
WC712516,0.0358716569867227
WC712517,0.01772965470244398
WC712518,0.03402777105755991
WC712519,0.16433148246636317
WC712520,0.012566791327715912
WC712521,0.02735900592097974
WC712522,0.012443089566555376
WC712523,0.09426277661775255
WC712524,0.006234631257082987
WC712525,0.042192684440200905
WC712526,0.05888117656816615
WC712527,0.015373977490628665
WC712528,0.04772337033788707
WC712529,0.0345652198644632
WC712530,0.09734786616604194
WC712531,0.009866647593964736
WC712532,0.013289065313879434
WC712533,0.020234487856306257
WC712534,0.12654475746744917
WC712535,0.10964254781732992
WC712536,0.02740443932474256
WC712537,0.006247328374796959
WC712538,0.07561843988324789
WC712539,0.09365897141403984
WC712540,0.02157252657734118
WC712541,0.09440581873565433
WC712542,0.13641608509660041
WC712543,0.007835205087952336
WC712544,0.11037153532065973
WC712545,0.014349102276432662
WC712546,0.23145294988486512
WC712547,0.08017087077122534
WC712548,0.027151656744783734
WC712549,0.0826254405887132
WC712550,0.012581279063963214
WC712551,0.05598148875498115
WC712552,0.06244766594309781
WC712553,0.012732337200196557
WC712554,0.10102072477134115
WC712555,0.007225773681211126
WC712556,0.19647037762578443
WC712557,0.059151734742789445
WC712558,0.05402408770256836
WC712559,0.0281646494137444
WC712560,0.02743850237354644
WC712561,0.026075809282080475
WC712562,0.05946329769165541
WC712563,0.04035528736383161
WC712564,0.005921933990987697
WC712565,0.03820945963914693
WC712566,0.09557712702488043
WC712567,0.0697862069533784
WC712568,0.048694056990868
WC712569,0.03932773632531357
WC712570,0.018181000675276778
WC712571,0.012393598516139552
WC712572,0.14354335572795288
WC712573,0.06659341650106296
WC712574,0.04873109670729207
WC712575,0.03879805753711006
WC712576,0.015084792198125344
WC712577,0.052992110827338686
WC712578,0.7270764513672835
WC712579,0.03502336749548697
WC712580,0.005778538133492018
WC712581,0.014376779121323836
WC712582,0.049284633709875854
WC712583,0.020863295439936144
WC712584,0.0863983698762185
WC712585,0.015083093424580911
WC712586,0.038570406682497754
WC712587,0.14319613858113514
WC712588,0.012298075857235476
WC712589,0.011552948907902792
WC712590,0.05925468209987947
WC712591,0.18526897223490096
WC712592,0.03336848912661871
WC712593,0.02696640576553495
WC712594,0.08992614934487526
WC712595,0.04527866627880992
WC712596,0.006807017543859651
WC712597,0.11501618921000759
WC712598,0.0042662478399671955
WC712599,0.2841558547745972
WC712600,0.12173806035911304
WC712601,0.013861267869970351
WC712602,0.04153861709490197
WC712603,0.02032578600664581
WC712604,0.01106980184499432
WC712605,0.09512342639712572
WC712606,0.006898982360118944
WC712607,0.036425312325506366
WC712608,0.07509657242771933
WC712609,0.0
WC712610,0.031878912387972164
WC712611,0.020901272712920187
WC712612,0.05226478134715067
WC712613,0.05091109445093047
WC712614,0.04165089198533833
WC712615,0.025508466123161273
WC712616,0.015234168969879372
WC712617,0.027087849841104197
WC712618,0.0077660874647962185
WC712619,0.06885970329189521
WC712620,0.013466126555420744
WC712621,0.040614014031958
WC712622,0.0656860678754493
WC712623,0.04815632312268346
WC712624,0.11946652280933572
WC712625,0.07716629398858409
WC712626,0.10591153990979603
WC712627,0.0
WC712628,0.005982236154649947
WC712629,0.012857841998191632
WC712630,0.042390817911952004
WC712631,0.020770751469293622
WC712632,0.20164624418842508
WC712633,0.04153106249092783
WC712634,0.012307206294331529
WC712635,0.006157908050338328
WC712636,0.027428526075406703
WC712637,0.01397753165846048
WC712638,0.04394427362555286
WC712639,0.00770216293616701
WC712640,0.8801457854336505
WC712641,0.02987416289512985
WC712642,0.9927102508374305
WC712643,0.06724561524100327
WC712644,0.28661069805739137
WC712645,0.020484771625576697
WC712646,0.06307717430181213
WC712647,0.08884240551972057
WC712648,0.04527642047218837
WC712649,0.05936399559931899
WC712650,0.04980957160172148
WC712651,0.018490827285374944
WC712652,0.021557244856047538
WC712653,0.05144005913643266
WC712654,0.0
WC712655,0.057195737541809795
WC712656,0.11498865431461308
WC712657,0.03387501601604741
WC712658,0.027108473288723105
WC712659,0.7368674205938697
WC712660,0.04471663521317327
WC712661,0.10723832879642353
WC712662,0.07834364371525325
WC712663,0.01280888986131677
WC712664,0.10205793875455481
WC712665,0.15180344868212728
WC712666,0.05143157544966419
WC712667,0.005500188750471878
WC712668,0.03571573579481679
WC712669,0.7502685938778395
WC712670,0.05353023374761442
WC712671,0.09408392931531319
WC712672,0.14236158303987942
WC712673,0.03272588651225269
WC712674,0.06753340665644614
WC712675,0.029099171062191804
WC712676,0.13297872255905477
WC712677,0.0
WC712678,0.014199554455195556
WC712679,0.0358047415352544
WC712680,0.06317261779678153
WC712681,0.3000621306657933
WC712682,0.22037817566020343
WC712683,0.0
WC712684,0.06218979550665881
WC712685,0.0
WC712686,0.020300163467452025
WC712687,0.021199302612263844
WC712688,0.0
WC712689,0.014019618833149899
WC712690,0.03801819181947415
WC712691,0.029677518452517218
WC712692,0.5661986303856208
WC712693,0.04659493788741632
WC712694,0.08439167274839285
WC712695,0.04862827179877317
WC712696,0.0827753322022129
WC712697,0.14723512181293388
WC712698,0.04709933955036103
WC712699,0.11439829512523166
WC712700,0.0678690384537231
WC712701,0.0308240034565283
WC712702,0.07338327963038813
WC712703,0.08339084525194843
WC712704,0.06707066271324935
WC712705,0.013315929387624086
WC712706,0.030862905287941413
WC712707,0.0074452610626244056
WC712708,0.007543941515010107
WC712709,0.028340888022925177
WC712710,0.04337511847548533
WC712711,0.04335142138989233
WC712712,0.10725219642713227
WC712713,0.02103247191682083
WC712714,0.03652548408283661
WC712715,0.005778538133492018
WC712716,0.014125350451294306
WC712717,0.021047171540385486
WC712718,0.013473102056008086
WC712719,0.04831191520111009
WC712720,0.05139434205975431
WC712721,0.4929931951845438
WC712722,0.005990835490897134
WC712723,0.013645673707738216
WC712724,0.8969188467912089
WC712725,0.021106064037699834
WC712726,0.08885083580177239
WC712727,0.045331771088311434
WC712728,0.07259753941752395
WC712729,0.014510934311483608
WC712730,0.04902413250824898
WC712731,0.014818643487433732
WC712732,0.02008355145054728
WC712733,0.0434948003408538
WC712734,0.15507767148037813
WC712735,0.8052736037161827
WC712736,0.023304411281379323
WC712737,0.006132184633510052
WC712738,0.0558603129392342
WC712739,0.932046535337749
WC712740,0.09545659870079183
WC712741,0.010727239333853427
WC712742,0.057760441852265816
WC712743,0.022236100781921266
WC712744,0.048083866696016136
WC712745,0.027023867478975967
WC712746,0.017900000722990632
WC712747,0.13477177817210131
WC712748,0.07431114273320855
WC712749,0.1459142839718851
WC712750,0.10937864702746186
WC712751,0.3957800386845133
WC712752,0.6443588548798025
WC712753,0.04378394416219812
WC712754,0.4535386769428861
WC712755,0.04975543609354552
WC712756,0.012525692972662796
WC712757,0.04158911239967707
WC712758,0.03844474617823837
WC712759,0.04104517242891832
WC712760,0.18480508154353556
WC712761,0.13812582744662372
WC712762,0.04575126948826015
WC712763,0.021602552802534963
WC712764,0.011618256434775674
WC712765,0.031033808213624236
WC712766,0.04232092047975038
WC712767,0.0595202228490426
WC712768,0.24052023609269327
WC712769,0.03019379139296486
WC712770,0.12439933973642718
WC712771,0.05430277843880608
WC712772,0.046985551778909264
WC712773,0.0070995470705693346
WC712774,0.07498703270117471
WC712775,0.2549658571261529
WC712776,0.061614523312551975
WC712777,0.07250732948276963
WC712778,0.05781315041073625
WC712779,0.14579136528779274
WC712780,0.7258970529539852
WC712781,0.09497277900484437
WC712782,0.020741743671267292
WC712783,0.02112144890811531
WC712784,0.10978652973868692
WC712785,0.09774109935694542
WC712786,0.8849790346164514
WC712787,0.10307905541064082
WC712788,0.09927604355309547
WC712789,0.00545468131211238
WC712790,0.1579573592163156
WC712791,0.09967961362671457
WC712792,0.0
WC712793,0.06443501013559066
WC712794,0.06392807870095855
WC712795,0.033689227135060534
WC712796,0.029761911506869368
WC712797,0.15555006427409976
WC712798,0.07943936004752464
WC712799,0.1158299055596133
WC712800,0.07168938278690322
WC712801,0.11511705953988381
WC712802,0.045509481552771944
WC712803,0.01936429757349435
WC712804,0.06372968112955826
WC712805,0.06900329251813254
WC712806,0.9956003461263726
WC712807,0.11345041779975414
WC712808,0.031179570428429566
WC712809,0.050625422209159554
WC712810,0.18487199170337335
WC712811,0.13998328058992895
WC712812,0.9342360321872475
WC712813,0.243741909202941
WC712814,0.025973979298315502
WC712815,0.007464960975266197
WC712816,0.007298229822982299
WC712817,0.1528211869374368
WC712818,0.6502180110512296
WC712819,0.012142717863156327
WC712820,0.1814143256140264
WC712821,0.08669363432262708
WC712822,0.09172330985395008
WC712823,0.020567106102197953
WC712824,0.0
WC712825,0.04018082575064974
WC712826,0.021064394691451455
WC712827,0.02601953734100957
WC712828,0.013315929387624086
WC712829,0.048116254146445256
WC712830,0.006882736809808706
WC712831,0.02451069237951825
WC712832,0.9311405493117805
WC712833,0.05678224419016085
WC712834,0.10184469634682974
WC712835,0.024003549887258162
WC712836,0.03323348461869115
WC712837,0.02758139646609947
WC712838,0.049395811414683986
WC712839,0.06911502976124977
WC712840,0.13930129452385578
WC712841,0.04594935555014173
WC712842,0.03391939946657147
WC712843,0.042218519595470294
WC712844,0.15200792523466725
WC712845,0.0
WC712846,0.011916843922105739
WC712847,0.1252786808784149
WC712848,0.09517753938442057
WC712849,0.007536703047191477
WC712850,0.0
WC712851,0.017107855295656893
WC712852,0.046202034723555635
WC712853,0.02587678965328962
WC712854,0.03788940402059497
WC712855,0.11915714276318701
WC712856,0.06118829015312511
WC712857,0.05377133398263627
WC712858,0.06026534933000257
WC712859,0.014086616137869056
WC712860,0.11072035336499764
WC712861,0.051540942548055496
WC712862,0.3353837698384153
WC712863,0.007736389684813757
WC712864,0.012238163865694093
WC712865,0.02945613961121509
WC712866,0.06469748380870145
WC712867,0.012755113146627525
WC712868,0.055124136959044646
WC712869,0.01868911101617126
WC712870,0.03298896198152704
WC712871,0.06279177223397102
WC712872,0.028634818350626614
WC712873,0.0
WC712874,0.03420883837594061
WC712875,0.03219915213948267
WC712876,0.007617748420448016
WC712877,0.042830080908611436
WC712878,0.0042662478399671955
WC712879,0.03435162163432189
WC712880,0.0
WC712881,0.09899165283872431
WC712882,0.01569503591889523
WC712883,0.06894202402460453
WC712884,0.03621373462236968
WC712885,0.09602294833262782
WC712886,0.19326569345473923
WC712887,0.03899838309345264
WC712888,0.03441518211401254
WC712889,0.02003086383972424
WC712890,0.005946108762686597
WC712891,0.044706968196654644
WC712892,0.15976586361752346
WC712893,0.07688322706298853
WC712894,0.07662244442106059
WC712895,0.0601067576664842
WC712896,0.07124635775069704
WC712897,0.01306034288239748
WC712898,0.049311205159468435
WC712899,0.09010736011220186
WC712900,0.014502308018666572
WC712901,0.015043636712296114
WC712902,0.014690052870387068
WC712903,0.03598031647416489
WC712904,0.0042662478399671955
WC712905,0.01917209290368336
WC712906,0.007548112260215124
WC712907,0.9577992042848419
WC712908,0.013561594643036008
WC712909,0.037116002634632286
WC712910,0.12044618317689883
WC712911,0.03754830882665027
WC712912,0.0
WC712913,0.029666041313053778
WC712914,0.044691075845116
WC712915,0.12887599466403904
WC712916,0.1500369284729835
WC712917,0.014934767914410726
WC712918,0.850979106675568
WC712919,0.08553515410119875
WC712920,0.13278527796966327
WC712921,0.8982527490863422
WC712922,0.08698411004113757
WC712923,0.02083777061521007
WC712924,0.04032814395203112
WC712925,0.021620723423608927
WC712926,0.03852095055900559
WC712927,0.025701739585340947
WC712928,0.16695890940460523
WC712929,0.04949091352288834
WC712930,0.018255590354556483
WC712931,0.050285294318214234
WC712932,0.029292041949881373
WC712933,0.23594539900034242
WC712934,0.01951893276409513
WC712935,0.03572396347886242
WC712936,0.09399213037244941
WC712937,0.0
WC712938,0.854716621859334
WC712939,0.0
WC712940,0.00700806683952752
WC712941,0.04123358881654273
WC712942,0.03936962084128827
WC712943,0.14713018443026227
WC712944,0.12332520341458322
WC712945,0.015416683546934762
WC712946,0.06524062526175699
WC712947,0.03494086998971575
WC712948,0.05409601769283624
WC712949,0.007813398855315375
WC712950,0.04475783871859573
WC712951,0.246412979156191
WC712952,0.0324277043444439
WC712953,0.00482247347019736
WC712954,0.004979836298081031
WC712955,0.07659637447118468
WC712956,0.09133278883991931
WC712957,0.04684067339430418
WC712958,0.014879331151511632
WC712959,0.10665411608332706
WC712960,0.06198542366542192
WC712961,0.10403761158191425
WC712962,0.10758183920924033
WC712963,0.010133913258194408
WC712964,0.024215552583948023
WC712965,0.05655884622473438
WC712966,0.04498807922485859
WC712967,0.006492032404522388
WC712968,0.0
WC712969,0.013125958266641514
WC712970,0.04727954407275174
WC712971,0.1232629473137021
WC712972,0.9892540613287721
WC712973,0.16330845846835176
WC712974,0.1052851762636632
WC712975,0.19570340491989002
WC712976,0.13614983356536342
WC712977,0.07799513164006959
WC712978,0.04929952023099649
WC712979,0.11669173998177733
WC712980,0.01970395698314541
WC712981,0.007323346381611963
WC712982,0.1432802393880253
WC712983,0.022650842589815312
WC712984,0.0
WC712985,0.006898982360118944
WC712986,0.0
WC712987,0.025675388402732143
WC712988,0.1369433065764603
WC712989,0.033504492911534484
WC712990,0.10892422779502645
WC712991,0.150683543407051
WC712992,0.1396261736433586
WC712993,0.02047514362130373
WC712994,0.02863943060523721
WC712995,0.0055730779523645675
WC712996,0.04739921751005501
WC712997,0.013605470189320642
WC712998,0.0662003400860073
WC712999,0.029133397458449513
WC713000,0.007152573529411764
WC713001,0.018347107059692374
WC713002,0.027464164031337373
WC713003,0.041904225864015744
WC713004,0.04688471613610892
WC713005,0.11024839959230712
WC713006,0.19577953498678688
WC713007,0.059105625028048364
WC713008,0.0406399644088541
WC713009,0.0228284155801558
WC713010,0.012498483471513326
WC713011,0.06919903423587334
WC713012,0.006247328374796959
WC713013,0.04358801286791543
WC713014,0.021975254806295842
WC713015,0.011184583255909623
WC713016,0.02762080876867927
WC713017,0.050664526043130834
WC713018,0.027356795261790638
WC713019,0.0528851032291167
WC713020,0.9476912569782683
WC713021,0.006882736809808706
WC713022,0.01790805147632783
WC713023,0.10754757460106744
WC713024,0.07030403966574862
WC713025,0.052692629490043254
WC713026,0.013246453297015098
WC713027,0.3426669983850018
WC713028,0.028149756350300505
WC713029,0.9549812604131079
WC713030,0.04689939491203439
WC713031,0.061841836168208916
WC713032,0.6151113511158383
WC713033,0.095185042183119
WC713034,0.034134656163736156
WC713035,0.021584468307317015
WC713036,0.06211298903364083
WC713037,0.026004692029196315
WC713038,0.026918414395327658
WC713039,0.006247328374796959
WC713040,0.8093198803009938
WC713041,0.052298268450098995
WC713042,0.0790300033407079
WC713043,0.09031844974921123
WC713044,0.03596353890039385
WC713045,0.048645809036007855
WC713046,0.020045668844303376
WC713047,0.08602432130585308
WC713048,0.18863558371952793
WC713049,0.01899362368486873
WC713050,0.013866991291190378
WC713051,0.07491877053068152
WC713052,0.9655045284294577
WC713053,0.16752267145428812
WC713054,0.01595706892368959
WC713055,0.040962174110910694
WC713056,0.9934466533084889
WC713057,0.05438423721771137
WC713058,0.9577992042848419
WC713059,0.055500610694157466
WC713060,0.021240235346200318
WC713061,0.02078221034903119
WC713062,0.007921208177430724
WC713063,0.03701705703657503
WC713064,0.005638818027210886
WC713065,0.0699546069458486
WC713066,0.007842662795074472
WC713067,0.04922762599284978
WC713068,0.0
WC713069,0.025498459079254996
WC713070,0.05333319655601212
WC713071,0.08078287144719923
WC713072,0.11158455202228755
WC713073,0.18804338825050465
WC713074,0.012178543188897113
WC713075,0.006401515151515149
WC713076,0.04789178160655186
WC713077,0.049524804148189536
WC713078,0.049050334708513596
WC713079,0.6506530379212655
WC713080,0.015998729930098824
WC713081,0.007992448080553806
WC713082,0.0
WC713083,0.03821829201159366
WC713084,0.03589005635235168
WC713085,0.03983571645288495
WC713086,0.02838517925140444
WC713087,0.08404462629131855
WC713088,0.013781799357724696
WC713089,0.033789336729734845
WC713090,0.045771601548992784
WC713091,0.06464569982476094
WC713092,0.08892711273390125
WC713093,0.00482247347019736
WC713094,0.05930331199850413
WC713095,0.05351638611185584
WC713096,0.013123910697466509
WC713097,0.012418522417278135
WC713098,0.868849693111489
WC713099,0.12149212575676403
WC713100,0.03192573390140811
WC713101,0.03355791255758607
WC713102,0.0440258596766698
WC713103,0.07163785958048698
WC713104,0.654414961118638
WC713105,0.025993546519619708
WC713106,0.015810412719247133
WC713107,0.06089907232008069
WC713108,0.10562184409712573
WC713109,0.08506234083005366
WC713110,0.04721383142944448
WC713111,0.01116523020008614
WC713112,0.012755113146627525
WC713113,0.007450119916313719
WC713114,0.04142712933244373
WC713115,0.06339334167008376
WC713116,0.07030082430295735
WC713117,0.8743426146914879
WC713118,0.6040343108742234
WC713119,0.005500188750471878
WC713120,0.09273085700685395
WC713121,0.09765569410115359
WC713122,0.8304245421979147
WC713123,0.02296658796801869
WC713124,0.07884347946587342
WC713125,0.018723560955426533
WC713126,0.018737646041284094
WC713127,0.030460375123213455
WC713128,0.14959764958426944
WC713129,0.018212346304169253
WC713130,0.16738396728118507
WC713131,0.06693463240884073
WC713132,0.04902307501611193
WC713133,0.018569627136907175
WC713134,0.10112046635090666
WC713135,0.0
WC713136,0.014932062580809341
WC713137,0.06906007635723777
WC713138,0.12124349349628576
WC713139,0.06089710524059965
WC713140,0.9047042847902016
WC713141,0.007878032090183857
WC713142,0.08385932879680162
WC713143,0.16035497354753017
WC713144,0.031953703322724535
WC713145,0.07490250531594009
WC713146,0.026309552545078444
WC713147,0.09143769038135353
WC713148,0.0
WC713149,0.18479681662997555
WC713150,0.1068727896475198
WC713151,0.055989158562116295
WC713152,0.022051784994598846
WC713153,0.06783101905029272
WC713154,0.044211285731660034
WC713155,0.14359696937843644
WC713156,0.058699308262412
WC713157,0.12528538407120252
WC713158,0.02076524967172516
WC713159,0.04559990690674073
WC713160,0.032773741588131525
WC713161,0.012096578508126858
WC713162,0.08049939523307463
WC713163,0.011345685702930835
WC713164,0.056203878653883536
WC713165,0.013545506959887188
WC713166,0.05036546350222812
WC713167,0.02641602161152434
WC713168,0.021583780219963634
WC713169,0.052233551054402305
WC713170,0.034521000086017946
WC713171,0.030369641897361566
WC713172,0.04129334001946525
WC713173,0.11092659821277975
WC713174,0.01806110255571077
WC713175,0.018805635563402756
WC713176,0.03392803799232614
WC713177,0.05954956794741898
WC713178,0.08473147623103978
WC713179,0.053301184740984615
WC713180,0.05424196774998835
WC713181,0.0
WC713182,0.04708970981025535
WC713183,0.03694035473122269
WC713184,0.08725417803746684
WC713185,0.00700806683952752
WC713186,0.00770216293616701
WC713187,0.02280206862378846
WC713188,0.01952759988456292
WC713189,0.07967597734799906
WC713190,0.021957437402371476
WC713191,0.9922293487202489
WC713192,0.02570148031196471
WC713193,0.10335560283737437
WC713194,0.0203173300701034
WC713195,0.08657059054541706
WC713196,0.12012797370408701
WC713197,0.03244563344360519
WC713198,0.033699866107492225
WC713199,0.04779984397161908
WC713200,0.19291254392205978
WC713201,0.021403312883374975
WC713202,0.07427229077556922
WC713203,0.0
WC713204,0.10517130200588198
WC713205,0.15411494454480154
WC713206,0.0058676654182272135
WC713207,0.02052157996810496
WC713208,0.07139523420082493
WC713209,0.007931006361115642
WC713210,0.059228075549696495
WC713211,0.08065050272130976
WC713212,0.029616553400118796
WC713213,0.38047416561582104
WC713214,0.013800007410521975
WC713215,0.014294418194837321
WC713216,0.03225344614696163
WC713217,0.04890269208786779
WC713218,0.0
WC713219,0.030535790221064528
WC713220,0.027446732545790116
WC713221,0.006238510538241203
WC713222,0.7532984492107172
WC713223,0.7113297271000396
WC713224,0.7205457071649343
WC713225,0.02588949938358615
WC713226,0.013350083008107664
WC713227,0.04151357490393919
WC713228,0.02223016814756498
WC713229,0.0445380539658775
WC713230,0.026812335078490013
WC713231,0.030759238101687188
WC713232,0.043739771975798335
WC713233,0.057459018391220223
WC713234,0.1709578669014729
WC713235,0.029110294572186682
WC713236,0.07018455458133221
WC713237,0.10000312119234775
WC713238,0.09542712376976269
WC713239,0.030355548111249596
WC713240,0.007512172501738929
WC713241,0.05099841835576623
WC713242,0.0202429645692964
WC713243,0.020582599119053222
WC713244,0.022673504968830235
WC713245,0.08645457558822402
WC713246,0.03165385548319212
WC713247,0.050073192883469245
WC713248,0.04460803430220221
WC713249,0.007813398855315375
WC713250,0.021765880324505407
WC713251,0.18309702580638307
WC713252,0.04710562605042211
WC713253,0.02957119138431717
WC713254,0.032341049703389954
WC713255,0.03820306427816494
WC713256,0.05398137394773966
WC713257,0.01408390003012607
WC713258,0.021078016912920553
WC713259,0.08348911609514748
WC713260,0.05454094520407416
WC713261,0.014586092253289195
WC713262,0.06558433901989336
WC713263,0.033135807483538345
WC713264,0.18400187029461879
WC713265,0.18218201402945675
WC713266,0.03364739054503622
WC713267,0.18708498490280373
WC713268,0.04022409212066146
WC713269,0.1423471662898431
WC713270,0.017645735245855568
WC713271,0.14107547136960277
WC713272,0.02344454571688572
WC713273,0.02291041984946894
WC713274,0.05932628150568717
WC713275,0.037918494484289
WC713276,0.017609396487716693
WC713277,0.07306791364679598
WC713278,0.08871913638859971
WC713279,0.08432152734667746
WC713280,0.09898486590327872
WC713281,0.11362399003533064
WC713282,0.026450306138554914
WC713283,0.0949073084086381
WC713284,0.024833070774920408
WC713285,0.0056267106125438525
WC713286,0.12613265986384622
WC713287,0.044008757048329954
WC713288,0.04770060042221232
WC713289,0.10752091580523801
WC713290,0.030163428519570254
WC713291,0.028378319226198486
WC713292,0.1265004239947133
WC713293,0.013836971675434736
WC713294,0.02114941170433075
WC713295,0.08481299134697037
WC713296,0.043838954254444264
WC713297,0.0
WC713298,0.025642890370674336
WC713299,0.02029221351147374
WC713300,0.11028753813090786
WC713301,0.14825338987407558
WC713302,0.05378435585489113
WC713303,0.02013014582501082
WC713304,0.044348564088823435
WC713305,0.01758328223715118
WC713306,0.021170896502772946
WC713307,0.026199365634489262
WC713308,0.036629755352061824
WC713309,0.05398665273334468
WC713310,0.1215563677126262
WC713311,0.006247328374796959
WC713312,0.032092416927958195
WC713313,0.0404264717282558
WC713314,0.034595081287843825
WC713315,0.05106650243886408
WC713316,0.17566475232700463
WC713317,0.04596691314397598
WC713318,0.057430093611648275
WC713319,0.032717800791784844
WC713320,0.08414648682986894
WC713321,0.11223776548730488
WC713322,0.075619688333337
WC713323,0.022381126800480038
WC713324,0.019930494684020972
WC713325,0.16886630139961065
WC713326,0.05357622102552621
WC713327,0.07636992233282922
WC713328,0.015580195026350866
WC713329,0.04230735080390112
WC713330,0.0072129708613037635
WC713331,0.2072692225706316
WC713332,0.03877744477400507
WC713333,0.04165930018941593
WC713334,0.25370281152304053
WC713335,0.04027546002428646
WC713336,0.00770216293616701
WC713337,0.050407239093502094
WC713338,0.04000795678812888
WC713339,0.11429757382648865
WC713340,0.17821886189173552
WC713341,0.008035708130837904
WC713342,0.1356537090955123
WC713343,0.03525084152885913
WC713344,0.05707878502721408
WC713345,0.013429857762909937
WC713346,0.007813398855315375
WC713347,0.10517305177624668
WC713348,0.02652235122207708
WC713349,0.03599089714589241
WC713350,0.09598683112030341
WC713351,0.029374010790223313
WC713352,0.057013185928118035
WC713353,0.054628096195475775
WC713354,0.014438743543504036
WC713355,0.0465332854129978
WC713356,0.0070925479891978714
WC713357,0.01826001783476396
WC713358,0.09818215423106201
WC713359,0.05384207845477549
WC713360,0.05288241906207638
WC713361,0.0
WC713362,0.5813775982430355
WC713363,0.02094112558095299
WC713364,0.10863518621375987
WC713365,0.03567566172160032
WC713366,0.033444011693236846
WC713367,0.23354900535451295
WC713368,0.0
WC713369,0.05599891635225534
WC713370,0.05686984328435084
WC713371,0.0522700792624774
WC713372,0.08708366400889722
WC713373,0.06206058669256012
WC713374,0.05461788910418861
WC713375,0.10602274034088667
WC713376,0.058840770562449164
WC713377,0.13201839693863307
WC713378,0.024769661179937622
WC713379,0.05203196607203622
WC713380,0.03500203543487721
WC713381,0.013218088307014335
WC713382,0.10379741020700933
WC713383,0.013605470189320642
WC713384,0.13486461479401465
WC713385,0.09602863565045516
WC713386,0.03786249775703423
WC713387,0.028457698985481214
WC713388,0.055497108008196114
WC713389,0.03137913081361357
WC713390,0.031114251346267923
WC713391,0.03579299875617524
WC713392,0.14588669816172217
WC713393,0.04806659712910062
WC713394,0.021712646583898047
WC713395,0.10135338845592014
WC713396,0.006887447728400312
WC713397,0.0832622461356493
WC713398,0.01199686233449326
WC713399,0.22092067130225912
WC713400,0.028555576943724754
WC713401,0.07267035307101154
WC713402,0.07492695497466949
WC713403,0.15174830201023662
WC713404,0.18782167802763253
WC713405,0.048739671771983704
WC713406,0.042722418957104276
WC713407,0.1459382107208183
WC713408,0.040481281972921224
WC713409,0.10477539122548075
WC713410,0.0
WC713411,0.12307150456755776
WC713412,0.07535033854273741
WC713413,0.6697080711043585
WC713414,0.01769125469651651
WC713415,0.04690353228862633
WC713416,0.03218985532823825
WC713417,0.10759736594312402
WC713418,0.9241625717394145
WC713419,0.0548177422669563
WC713420,0.03423262282671251
WC713421,0.007180092455985049
WC713422,0.012207388542205008
WC713423,0.08682455909081982
WC713424,0.1061900524003237
WC713425,0.021975240258517367
WC713426,0.08391421640364384
WC713427,0.04774155883479876
WC713428,0.11209337006281389
WC713429,0.05734955012362554
WC713430,0.03858083784898923
WC713431,0.035361112027576726
WC713432,0.02577897255060823
WC713433,0.06377781574091237
WC713434,0.00633984799131379
WC713435,0.05903726396937374
WC713436,0.0482415574131791
WC713437,0.04853163193554339
WC713438,0.1146345448379942
WC713439,0.8659131822464704
WC713440,0.0439704347254313
WC713441,0.03542445040795382
WC713442,0.14581147407822917
WC713443,0.007813398855315375
WC713444,0.028621975485060132
WC713445,0.035466925819423525
WC713446,0.04020636475796873
WC713447,0.01594575565916704
WC713448,0.0717489152149338
WC713449,0.010881380083690214
WC713450,0.006418710982150708
WC713451,0.03194060315683516
WC713452,0.09957488553632869
WC713453,0.021637899459053308
WC713454,0.28079972267317227
WC713455,0.8408664101278766
WC713456,0.16675587351397908
WC713457,0.10498651077185345
WC713458,0.2389938667605529
WC713459,0.053434345827009164
WC713460,0.04000795678812888
WC713461,0.15051806053742317
WC713462,0.007516529031926118
WC713463,0.040206201331765966
WC713464,0.005468077542008158
WC713465,0.04431174650877477
WC713466,0.06420489474778235
WC713467,0.040868693237871394
WC713468,0.07552771643575003
WC713469,0.03251178606351868
WC713470,0.0632261387340861
WC713471,0.023659470413932467
WC713472,0.024161674547724107
WC713473,0.9020338916408395
WC713474,0.0352422866908908
WC713475,0.03386905171594689
WC713476,0.05866446131029678
WC713477,0.04641898199693062
WC713478,0.02931818474165075
WC713479,0.01091276604018473
WC713480,0.00806772356898318
WC713481,0.021306034457974153
WC713482,0.025931225419240266
WC713483,0.08158183599998065
WC713484,0.027059431365262437
WC713485,0.08142051089738454
WC713486,0.0568190090624867
WC713487,0.06255944796008453
WC713488,0.120242791406407
WC713489,0.028176219293088552
WC713490,0.006238510538241203
WC713491,0.020944963820632666
WC713492,0.1351587777175665
WC713493,0.0525850452539894
WC713494,0.03989340722941529
WC713495,0.18106739171724884
WC713496,0.05341071082159737
WC713497,0.9144233724372006
WC713498,0.05494011406509468
WC713499,0.037583486164268626
WC713500,0.01685480877496077
WC713501,0.02888191231106752
WC713502,0.04041949330717943
WC713503,0.018392780936964906
WC713504,0.03901930138656065
WC713505,0.01582344187433594
WC713506,0.07196730679082727
WC713507,0.09750510906057021
WC713508,0.17386952794645244
WC713509,0.05228850013150075
WC713510,0.18321585310787533
WC713511,0.06054477456564625
WC713512,0.06537383616744771
WC713513,0.02065251683383169
WC713514,0.7735911817704891
WC713515,0.14751224274584585
WC713516,0.040421921142239414
WC713517,0.022414207794311254
WC713518,0.045608642682042566
WC713519,0.023950661612405975
WC713520,0.08207373493549007
WC713521,0.005832233948988569
WC713522,0.052613067058396905
WC713523,0.056877564476806745
WC713524,0.04591828553035467
WC713525,0.056358955651678595
WC713526,0.006247328374796959
WC713527,0.014936360212476234
WC713528,0.08788669955391372
WC713529,0.06042585082226279
WC713530,0.08876300724280556
WC713531,0.06243403935443787
WC713532,0.10538933672567806
WC713533,0.08878438882735998
WC713534,0.8640866945953892
WC713535,0.0
WC713536,0.05200169532587536
WC713537,0.02599394349806026
WC713538,0.2595452915193377
WC713539,0.033201921296834476
WC713540,0.07647291623858526
WC713541,0.004849354972950481
WC713542,0.06711208502744441
WC713543,0.006249866169889295
WC713544,0.08362000042311693
WC713545,0.02742201290652874
WC713546,0.7262261116917431
WC713547,0.05535048034481381
WC713548,0.014188960988691657
WC713549,0.0426361623068595
WC713550,0.04703096014372161
WC713551,0.08901563395010438
WC713552,0.03289720317283189
WC713553,0.02056393392645374
WC713554,0.04294774281160009
WC713555,0.057017367303051174
WC713556,0.04602874416722178
WC713557,0.010927586868808122
WC713558,0.00608104583346375
WC713559,0.026920500419837047
WC713560,0.027236699352405
WC713561,0.03230348069111754
WC713562,0.0637351370329352
WC713563,0.012348993374162901
WC713564,0.006212014960261802
WC713565,0.11080438469993487
WC713566,0.0408048844114021
WC713567,0.016186184321314093
WC713568,0.051950209787696926
WC713569,0.05484383450473091
WC713570,0.05681739849749443
WC713571,0.7026865893770436
WC713572,0.007450119916313719
WC713573,0.7114921903780905
WC713574,0.05088062753184864
WC713575,0.08391468220854267
WC713576,0.023547728067994114
WC713577,0.0490317947655754
WC713578,0.0631345981770341
WC713579,0.029154314902803017
WC713580,0.035227196236085515
WC713581,0.044438180949680266
WC713582,0.007992448080553806
WC713583,0.043921228632510766
WC713584,0.05147240686395897
WC713585,0.12168853123786655
WC713586,0.03702503963848596
WC713587,0.1613970099581233
WC713588,0.02745882516564592
WC713589,0.013491261072534465
WC713590,0.028981947214624434
WC713591,0.0
WC713592,0.013053930852289881
WC713593,0.0
WC713594,0.22669434384758846
WC713595,0.08570732473453707
WC713596,0.03137391269834155
WC713597,0.028021023571766644
WC713598,0.017825610611481735
WC713599,0.0226205903288289
